{"cameraMode":{"drawMode":0,"name":"Shaded","section":"Shading Mode"},"sceneLighting":true,"audioPlay":false,"sceneViewState":{"showFog":true,"showMaterialUpdate":false,"showSkybox":true,"showFlares":true,"showImageEffects":true,"showParticleSystems":true},"in2DMode":false,"pivot":{"x":-7.275186538696289,"y":-2.756132125854492,"z":-3.918898582458496},"rotation":{"x":-0.18710599839687348,"y":0.5480571389198303,"z":-0.1273471862077713,"w":-0.8052381277084351},"size":25.842065811157228,"orthographic":false}